--
--
--
-- connect 'jdbc:derby:C:\\_JSM\\SeguimientoCartera\\03_Fuentes\\markets_data\\SeguimientoCartera\\derby\\seguimiento_cartera;create=true';
-- connect 'jdbc:derby:C:\\_JSM\\SeguimientoCartera\\03_Fuentes\\markets_data\\SeguimientoCartera\\derby\\seguimiento_cartera';
-- run 'C:\_JSM\SeguimientoCartera\03_Fuentes\markets_data\SeguimientoCartera\sql\seguimiento_cartera.sql';
--
--
--
AUTOCOMMIT OFF;
--
--
--
DROP TABLE SCRAP_PRECIOS;
DROP TABLE MASTER_MOVIMIENTOS;
DROP TABLE MASTER_PRODUCTOS;
DROP TABLE MASTER_PROVEEDOR;
DROP TABLE MASTER_INSTRUMENTO;
DROP TABLE MASTER_TIPO_ACTIVO;
DROP TABLE MASTER_SUBTIPO_ACTIVO;
DROP TABLE MASTER_MONEDA;
DROP TABLE MASTER_USO_INGRESOS;
DROP TABLE MASTER_COMPRA_VENTA;
DROP TABLE MASTER_COMERCIALIZADOR;
DROP TABLE MASTER_MERCADO;
--
--
--
CREATE TABLE MASTER_PROVEEDOR
(
	CLAVE INTEGER NOT NULL GENERATED ALWAYS AS IDENTITY (START WITH 1, INCREMENT BY 1),
	VALOR VARCHAR(50) NOT NULL
);
ALTER TABLE MASTER_PROVEEDOR ADD CONSTRAINT MASTER_PROVEEDOR_VALOR_PK Primary Key (VALOR);
ALTER TABLE MASTER_PROVEEDOR ADD CONSTRAINT MASTER_PROVEEDOR_CLAVE_UNQ Unique (CLAVE);
--
--
--
INSERT INTO MASTER_PROVEEDOR (VALOR) VALUES ('Amundi');
INSERT INTO MASTER_PROVEEDOR (VALOR) VALUES ('Deka');
INSERT INTO MASTER_PROVEEDOR (VALOR) VALUES ('Invesco');
INSERT INTO MASTER_PROVEEDOR (VALOR) VALUES ('Lyxor');
INSERT INTO MASTER_PROVEEDOR (VALOR) VALUES ('Vanguard');
INSERT INTO MASTER_PROVEEDOR (VALOR) VALUES ('WisdomTree');
INSERT INTO MASTER_PROVEEDOR (VALOR) VALUES ('DBC');
INSERT INTO MASTER_PROVEEDOR (VALOR) VALUES ('iShares');
--
--
--
CREATE TABLE MASTER_INSTRUMENTO
(
	CLAVE INTEGER NOT NULL GENERATED ALWAYS AS IDENTITY (START WITH 1, INCREMENT BY 1),
	VALOR VARCHAR(50) NOT NULL
);
ALTER TABLE MASTER_INSTRUMENTO ADD CONSTRAINT MASTER_INSTRUMENTO_VALOR_PK Primary Key (VALOR);
ALTER TABLE MASTER_INSTRUMENTO ADD CONSTRAINT MASTER_INSTRUMENTO_CLAVE_UNQ Unique (CLAVE);
--
--
--
INSERT INTO MASTER_INSTRUMENTO (VALOR) VALUES ('Fondo');
INSERT INTO MASTER_INSTRUMENTO (VALOR) VALUES ('ETF');
INSERT INTO MASTER_INSTRUMENTO (VALOR) VALUES ('ETC');
--
--
--
CREATE TABLE MASTER_TIPO_ACTIVO
(
	CLAVE INTEGER NOT NULL GENERATED ALWAYS AS IDENTITY (START WITH 1, INCREMENT BY 1),
	VALOR VARCHAR(50) NOT NULL
);
ALTER TABLE MASTER_TIPO_ACTIVO ADD CONSTRAINT MASTER_TIPO_ACTIVO_VALOR_PK Primary Key (VALOR);
ALTER TABLE MASTER_TIPO_ACTIVO ADD CONSTRAINT MASTER_TIPO_ACTIVO_CLAVE_UNQ Unique (CLAVE);
--
--
--
INSERT INTO MASTER_TIPO_ACTIVO (VALOR) VALUES ('Renta Variable');
INSERT INTO MASTER_TIPO_ACTIVO (VALOR) VALUES ('Renta Fija');
INSERT INTO MASTER_TIPO_ACTIVO (VALOR) VALUES ('Oro');
--
--
--
CREATE TABLE MASTER_SUBTIPO_ACTIVO
(
	CLAVE INTEGER NOT NULL GENERATED ALWAYS AS IDENTITY (START WITH 1, INCREMENT BY 1),
	VALOR VARCHAR(50) NOT NULL
);
ALTER TABLE MASTER_SUBTIPO_ACTIVO ADD CONSTRAINT MASTER_SUBTIPO_ACTIVO_VALOR_PK Primary Key (VALOR);
ALTER TABLE MASTER_SUBTIPO_ACTIVO ADD CONSTRAINT MASTER_SUBTIPO_ACTIVO_CLAVE_UNQ Unique (CLAVE);
--
--
--
INSERT INTO MASTER_SUBTIPO_ACTIVO (VALOR) VALUES ('Oro');
INSERT INTO MASTER_SUBTIPO_ACTIVO (VALOR) VALUES ('RF Alemania LP');
INSERT INTO MASTER_SUBTIPO_ACTIVO (VALOR) VALUES ('RF Europa BLI');
INSERT INTO MASTER_SUBTIPO_ACTIVO (VALOR) VALUES ('RF Europa LP');
INSERT INTO MASTER_SUBTIPO_ACTIVO (VALOR) VALUES ('RF Europa MP');
INSERT INTO MASTER_SUBTIPO_ACTIVO (VALOR) VALUES ('RF Global MP');
INSERT INTO MASTER_SUBTIPO_ACTIVO (VALOR) VALUES ('RF USA MP');
INSERT INTO MASTER_SUBTIPO_ACTIVO (VALOR) VALUES ('RV Emergente');
INSERT INTO MASTER_SUBTIPO_ACTIVO (VALOR) VALUES ('RV Europa');
INSERT INTO MASTER_SUBTIPO_ACTIVO (VALOR) VALUES ('RV Global');
INSERT INTO MASTER_SUBTIPO_ACTIVO (VALOR) VALUES ('RV Japon');
INSERT INTO MASTER_SUBTIPO_ACTIVO (VALOR) VALUES ('RV Norteamerica');
INSERT INTO MASTER_SUBTIPO_ACTIVO (VALOR) VALUES ('RV Pacifico');
INSERT INTO MASTER_SUBTIPO_ACTIVO (VALOR) VALUES ('RV USA');
--
--
--
CREATE TABLE MASTER_MONEDA
(
	CLAVE INTEGER NOT NULL GENERATED ALWAYS AS IDENTITY (START WITH 1, INCREMENT BY 1),
	VALOR VARCHAR(50) NOT NULL
);
ALTER TABLE MASTER_MONEDA ADD CONSTRAINT MASTER_MONEDA_VALOR_PK Primary Key (VALOR);
ALTER TABLE MASTER_MONEDA ADD CONSTRAINT MASTER_MONEDA_CLAVE_UNQ Unique (CLAVE);
--
--
--
INSERT INTO MASTER_MONEDA (VALOR) VALUES ('EUR');
--
--
--
CREATE TABLE MASTER_USO_INGRESOS
(
	CLAVE INTEGER NOT NULL GENERATED ALWAYS AS IDENTITY (START WITH 1, INCREMENT BY 1),
	VALOR VARCHAR(50) NOT NULL
);
ALTER TABLE MASTER_USO_INGRESOS ADD CONSTRAINT MASTER_USO_INGRESOS_VALOR_PK Primary Key (VALOR);
ALTER TABLE MASTER_USO_INGRESOS ADD CONSTRAINT MASTER_USO_INGRESOS_CLAVE_UNQ Unique (CLAVE);
--
--
--
INSERT INTO MASTER_USO_INGRESOS (VALOR) VALUES ('Acumulacion');
INSERT INTO MASTER_USO_INGRESOS (VALOR) VALUES ('Distribucion');
INSERT INTO MASTER_USO_INGRESOS (VALOR) VALUES ('N/A');
--
--
--
CREATE TABLE MASTER_COMPRA_VENTA
(
	CLAVE INTEGER NOT NULL GENERATED ALWAYS AS IDENTITY (START WITH 1, INCREMENT BY 1),
	VALOR VARCHAR(25) NOT NULL
);
ALTER TABLE MASTER_COMPRA_VENTA ADD CONSTRAINT MASTER_COMPRA_VENTA_VALOR_PK Primary Key (VALOR);
ALTER TABLE MASTER_COMPRA_VENTA ADD CONSTRAINT MASTER_COMPRA_VENTA_CLAVE_UNQ Unique (CLAVE);
--
--
--
INSERT INTO MASTER_COMPRA_VENTA (VALOR) VALUES ('Compra');
INSERT INTO MASTER_COMPRA_VENTA (VALOR) VALUES ('Venta');
--
--
--
CREATE TABLE MASTER_COMERCIALIZADOR
(
	CLAVE INTEGER NOT NULL GENERATED ALWAYS AS IDENTITY (START WITH 1, INCREMENT BY 1),
	VALOR VARCHAR(50) NOT NULL
);
ALTER TABLE MASTER_COMERCIALIZADOR ADD CONSTRAINT MASTER_COMERCIALIZADOR_VALOR_PK Primary Key (VALOR);
ALTER TABLE MASTER_COMERCIALIZADOR ADD CONSTRAINT MASTER_COMERCIALIZADOR_CLAVE_UNQ Unique (CLAVE);
--
--
--
INSERT INTO MASTER_COMERCIALIZADOR (VALOR) VALUES ('Openbank');
INSERT INTO MASTER_COMERCIALIZADOR (VALOR) VALUES ('MyInvestor');
INSERT INTO MASTER_COMERCIALIZADOR (VALOR) VALUES ('SelfBank');
INSERT INTO MASTER_COMERCIALIZADOR (VALOR) VALUES ('Degiro');
--
--
--
CREATE TABLE MASTER_MERCADO
(
	CLAVE INTEGER NOT NULL GENERATED ALWAYS AS IDENTITY (START WITH 1, INCREMENT BY 1),
	VALOR VARCHAR(50) NOT NULL
);
ALTER TABLE MASTER_MERCADO ADD CONSTRAINT MASTER_MERCADO_VALOR_PK Primary Key (VALOR);
ALTER TABLE MASTER_MERCADO ADD CONSTRAINT MASTER_MERCADO_CLAVE_UNQ Unique (CLAVE);
--
--
--
INSERT INTO MASTER_MERCADO (VALOR) VALUES ('Xetra');
INSERT INTO MASTER_MERCADO (VALOR) VALUES ('N/A');
--
--
--
CREATE TABLE MASTER_PRODUCTOS
(
	IDENTIFICADOR VARCHAR(50) NOT NULL,
	NOMBRE VARCHAR(100) NOT NULL,
	PROVEEDOR VARCHAR(50) NOT NULL,
	INSTRUMENTO VARCHAR(50) NOT NULL,
	TIPO_ACTIVO VARCHAR(50) NOT NULL,
	SUBTIPO_ACTIVO VARCHAR(50) NOT NULL,
	MONEDA VARCHAR(50) NOT NULL,
	USO_INGRESOS VARCHAR(50) NOT NULL,
	URL_SCRAPING VARCHAR(200) NOT NULL
);
ALTER TABLE MASTER_PRODUCTOS ADD CONSTRAINT MASTER_PRODUCTOS_IDENTIFICADOR_PK Primary Key (IDENTIFICADOR);
ALTER TABLE MASTER_PRODUCTOS ADD CONSTRAINT MASTER_PRODUCTOS_NOMBRE_UNQ Unique (NOMBRE);
ALTER TABLE MASTER_PRODUCTOS ADD CONSTRAINT MASTER_PRODUCTOS_PROVEEDOR_FK Foreign Key (PROVEEDOR) REFERENCES MASTER_PROVEEDOR (VALOR);
ALTER TABLE MASTER_PRODUCTOS ADD CONSTRAINT MASTER_PRODUCTOS_INSTRUMENTO_FK Foreign Key (INSTRUMENTO) REFERENCES MASTER_INSTRUMENTO (VALOR);
ALTER TABLE MASTER_PRODUCTOS ADD CONSTRAINT MASTER_PRODUCTOS_TIPO_ACTIVO_FK Foreign Key (TIPO_ACTIVO) REFERENCES MASTER_TIPO_ACTIVO (VALOR);
ALTER TABLE MASTER_PRODUCTOS ADD CONSTRAINT MASTER_PRODUCTOS_SUBTIPO_ACTIVO_FK Foreign Key (SUBTIPO_ACTIVO) REFERENCES MASTER_SUBTIPO_ACTIVO (VALOR);
ALTER TABLE MASTER_PRODUCTOS ADD CONSTRAINT MASTER_PRODUCTOS_MONEDA_FK Foreign Key (MONEDA) REFERENCES MASTER_MONEDA (VALOR);
ALTER TABLE MASTER_PRODUCTOS ADD CONSTRAINT MASTER_PRODUCTOS_USO_INGRESOS_FK Foreign Key (USO_INGRESOS) REFERENCES MASTER_USO_INGRESOS (VALOR);
--
--
--
INSERT INTO MASTER_PRODUCTOS (IDENTIFICADOR, NOMBRE, PROVEEDOR, INSTRUMENTO, TIPO_ACTIVO, SUBTIPO_ACTIVO, MONEDA, USO_INGRESOS, URL_SCRAPING) VALUES ('LU0389812933','Amundi IS JP Morgan GBI Glbl Gvs AHE-C','Amundi','Fondo','Renta Fija','RF Global MP','EUR','Acumulacion','https://www.morningstar.es/es/funds/snapshot/p_snapshot.aspx?id=F000002871');
INSERT INTO MASTER_PRODUCTOS (IDENTIFICADOR, NOMBRE, PROVEEDOR, INSTRUMENTO, TIPO_ACTIVO, SUBTIPO_ACTIVO, MONEDA, USO_INGRESOS, URL_SCRAPING) VALUES ('DE000ETFL219','Deka Dt. Boerse EUROGOV Ger 10+ ETF','Deka','ETF','Renta Fija','RF Alemania LP','EUR','Distribucion','https://www.morningstar.es/es/etf/snapshot/p_snapshot.aspx?id=0P0000JNSO');
INSERT INTO MASTER_PRODUCTOS (IDENTIFICADOR, NOMBRE, PROVEEDOR, INSTRUMENTO, TIPO_ACTIVO, SUBTIPO_ACTIVO, MONEDA, USO_INGRESOS, URL_SCRAPING) VALUES ('IE00B579F325','Invesco Physical Gold ETC EUR','Invesco','ETC','Oro','Oro','EUR','N/A','https://www.morningstar.es/es/etf/snapshot/p_snapshot.aspx?id=0P0000WGWI');
INSERT INTO MASTER_PRODUCTOS (IDENTIFICADOR, NOMBRE, PROVEEDOR, INSTRUMENTO, TIPO_ACTIVO, SUBTIPO_ACTIVO, MONEDA, USO_INGRESOS, URL_SCRAPING) VALUES ('LU0908500753','Lyxor Core STOXX Europe 600(DR) ETF Acc EUR','Lyxor','ETF','Renta Variable','RV Europa','EUR','Acumulacion','https://www.morningstar.es/es/etf/snapshot/p_snapshot.aspx?id=0P0001BMZU');
INSERT INTO MASTER_PRODUCTOS (IDENTIFICADOR, NOMBRE, PROVEEDOR, INSTRUMENTO, TIPO_ACTIVO, SUBTIPO_ACTIVO, MONEDA, USO_INGRESOS, URL_SCRAPING) VALUES ('IE00B246KL88','Vanguard 20+ Yr Eur Trs Idx Eur Acc','Vanguard','Fondo','Renta Fija','RF Europa LP','EUR','Acumulacion','https://www.morningstar.es/es/funds/snapshot/p_snapshot.aspx?id=F000001GFI');
INSERT INTO MASTER_PRODUCTOS (IDENTIFICADOR, NOMBRE, PROVEEDOR, INSTRUMENTO, TIPO_ACTIVO, SUBTIPO_ACTIVO, MONEDA, USO_INGRESOS, URL_SCRAPING) VALUES ('IE0031786696','Vanguard Em Mkts Stk Idx Eur Acc','Vanguard','Fondo','Renta Variable','RV Emergente','EUR','Acumulacion','https://www.morningstar.es/es/funds/snapshot/p_snapshot.aspx?id=F00000T1HU');
INSERT INTO MASTER_PRODUCTOS (IDENTIFICADOR, NOMBRE, PROVEEDOR, INSTRUMENTO, TIPO_ACTIVO, SUBTIPO_ACTIVO, MONEDA, USO_INGRESOS, URL_SCRAPING) VALUES ('IE0031786142','Vanguard Emerg Mkts Stk Idx Inv EUR Acc','Vanguard','Fondo','Renta Variable','RV Emergente','EUR','Acumulacion','https://www.morningstar.es/es/funds/snapshot/p_snapshot.aspx?id=F0GBR06TSA');
INSERT INTO MASTER_PRODUCTOS (IDENTIFICADOR, NOMBRE, PROVEEDOR, INSTRUMENTO, TIPO_ACTIVO, SUBTIPO_ACTIVO, MONEDA, USO_INGRESOS, URL_SCRAPING) VALUES ('IE0007987690','Vanguard European Stock Idx Inv EUR Acc','Vanguard','Fondo','Renta Variable','RV Europa','EUR','Acumulacion','https://www.morningstar.es/es/funds/snapshot/p_snapshot.aspx?id=F0GBR04SKF');
INSERT INTO MASTER_PRODUCTOS (IDENTIFICADOR, NOMBRE, PROVEEDOR, INSTRUMENTO, TIPO_ACTIVO, SUBTIPO_ACTIVO, MONEDA, USO_INGRESOS, URL_SCRAPING) VALUES ('IE00BK5BQT80','Vanguard FTSE All-World ETF USD Acc EUR','Vanguard','ETF','Renta Variable','RV Global','EUR','Acumulacion','https://www.morningstar.es/es/etf/snapshot/p_snapshot.aspx?id=0P0001I3S0');
INSERT INTO MASTER_PRODUCTOS (IDENTIFICADOR, NOMBRE, PROVEEDOR, INSTRUMENTO, TIPO_ACTIVO, SUBTIPO_ACTIVO, MONEDA, USO_INGRESOS, URL_SCRAPING) VALUES ('IE00BK5BQZ41','Vanguard FTSE Dev AsiaPac exJpn ETF USD Acc EUR','Vanguard','ETF','Renta Variable','RV Pacifico','EUR','Acumulacion','https://www.morningstar.es/es/etf/snapshot/p_snapshot.aspx?id=0P0001IHVY');
INSERT INTO MASTER_PRODUCTOS (IDENTIFICADOR, NOMBRE, PROVEEDOR, INSTRUMENTO, TIPO_ACTIVO, SUBTIPO_ACTIVO, MONEDA, USO_INGRESOS, URL_SCRAPING) VALUES ('IE00BK5BR733','Vanguard FTSE Emerg Markets ETF USD Acc EUR','Vanguard','ETF','Renta Variable','RV Emergente','EUR','Acumulacion','https://www.morningstar.es/es/etf/snapshot/p_snapshot.aspx?id=0P0001IHW1');
INSERT INTO MASTER_PRODUCTOS (IDENTIFICADOR, NOMBRE, PROVEEDOR, INSTRUMENTO, TIPO_ACTIVO, SUBTIPO_ACTIVO, MONEDA, USO_INGRESOS, URL_SCRAPING) VALUES ('IE0007281425','Vanguard Japan Stock Index Inv EUR Acc','Vanguard','Fondo','Renta Variable','RV Japon','EUR','Acumulacion','https://www.morningstar.es/es/funds/snapshot/p_snapshot.aspx?id=F0GBR061V3');
INSERT INTO MASTER_PRODUCTOS (IDENTIFICADOR, NOMBRE, PROVEEDOR, INSTRUMENTO, TIPO_ACTIVO, SUBTIPO_ACTIVO, MONEDA, USO_INGRESOS, URL_SCRAPING) VALUES ('IE0007286036','Vanguard Jpn Stk Idx Eur Acc','Vanguard','Fondo','Renta Variable','RV Japon','EUR','Acumulacion','https://www.morningstar.es/es/funds/snapshot/p_snapshot.aspx?id=F0GBR061XN');
INSERT INTO MASTER_PRODUCTOS (IDENTIFICADOR, NOMBRE, PROVEEDOR, INSTRUMENTO, TIPO_ACTIVO, SUBTIPO_ACTIVO, MONEDA, USO_INGRESOS, URL_SCRAPING) VALUES ('IE0007201266','Vanguard Pac ex-Japan Stk Idx EUR Acc','Vanguard','Fondo','Renta Variable','RV Pacifico','EUR','Acumulacion','https://www.morningstar.es/es/funds/snapshot/p_snapshot.aspx?id=F00000T1I9');
INSERT INTO MASTER_PRODUCTOS (IDENTIFICADOR, NOMBRE, PROVEEDOR, INSTRUMENTO, TIPO_ACTIVO, SUBTIPO_ACTIVO, MONEDA, USO_INGRESOS, URL_SCRAPING) VALUES ('IE0032126645','Vanguard US 500 Stk Idx Eur Acc','Vanguard','Fondo','Renta Variable','RV USA','EUR','Acumulacion','https://www.morningstar.es/es/funds/snapshot/p_snapshot.aspx?id=F0GBR04UOL');
INSERT INTO MASTER_PRODUCTOS (IDENTIFICADOR, NOMBRE, PROVEEDOR, INSTRUMENTO, TIPO_ACTIVO, SUBTIPO_ACTIVO, MONEDA, USO_INGRESOS, URL_SCRAPING) VALUES ('IE0032620787','Vanguard US 500 Stock Index Inv EUR Acc','Vanguard','Fondo','Renta Variable','RV USA','EUR','Acumulacion','https://www.morningstar.es/es/funds/snapshot/p_snapshot.aspx?id=F0GBR04G0F');
INSERT INTO MASTER_PRODUCTOS (IDENTIFICADOR, NOMBRE, PROVEEDOR, INSTRUMENTO, TIPO_ACTIVO, SUBTIPO_ACTIVO, MONEDA, USO_INGRESOS, URL_SCRAPING) VALUES ('IE0007987708','Vanguard European Stk Idx Eur Acc','Vanguard','Fondo','Renta Variable','RV Europa','EUR','Acumulacion','https://www.morningstar.es/es/funds/snapshot/p_snapshot.aspx?id=F0GBR04SGM');
INSERT INTO MASTER_PRODUCTOS (IDENTIFICADOR, NOMBRE, PROVEEDOR, INSTRUMENTO, TIPO_ACTIVO, SUBTIPO_ACTIVO, MONEDA, USO_INGRESOS, URL_SCRAPING) VALUES ('IE00B04GQR24','Vanguard Eurozone InflLnkd Bd Idx Eur Acc','Vanguard','Fondo','Renta Fija','RF Europa BLI','EUR','Acumulacion','https://www.morningstar.es/es/funds/snapshot/p_snapshot.aspx?id=F0GBR05WKI');
INSERT INTO MASTER_PRODUCTOS (IDENTIFICADOR, NOMBRE, PROVEEDOR, INSTRUMENTO, TIPO_ACTIVO, SUBTIPO_ACTIVO, MONEDA, USO_INGRESOS, URL_SCRAPING) VALUES ('DE000A1DCTL3','WisdomTree Physical Swiss Gold ETC EUR','WisdomTree','ETC','Oro','Oro','EUR','N/A','https://www.morningstar.es/es/etf/snapshot/p_snapshot.aspx?id=0P0000NA52');
INSERT INTO MASTER_PRODUCTOS (IDENTIFICADOR, NOMBRE, PROVEEDOR, INSTRUMENTO, TIPO_ACTIVO, SUBTIPO_ACTIVO, MONEDA, USO_INGRESOS, URL_SCRAPING) VALUES ('DE000A0S9GB0','Xetra-Gold EUR','DBC','ETC','Oro','Oro','EUR','N/A','https://www.morningstar.es/es/etf/snapshot/p_snapshot.aspx?id=0P0000M7DL');
INSERT INTO MASTER_PRODUCTOS (IDENTIFICADOR, NOMBRE, PROVEEDOR, INSTRUMENTO, TIPO_ACTIVO, SUBTIPO_ACTIVO, MONEDA, USO_INGRESOS, URL_SCRAPING) VALUES ('IE00B4L5YX21','iShares Core MSCI Japan IMI ETF USD Acc EUR','iShares','ETF','Renta Variable','RV Japon','EUR','Acumulacion','https://www.morningstar.es/es/etf/snapshot/p_snapshot.aspx?id=0P0000MEHV');
INSERT INTO MASTER_PRODUCTOS (IDENTIFICADOR, NOMBRE, PROVEEDOR, INSTRUMENTO, TIPO_ACTIVO, SUBTIPO_ACTIVO, MONEDA, USO_INGRESOS, URL_SCRAPING) VALUES ('IE00B5BMR087','iShares Core SP 500 ETF USD Acc EUR','iShares','ETF','Renta Variable','RV USA','EUR','Acumulacion','https://www.morningstar.es/es/etf/snapshot/p_snapshot.aspx?id=0P0000OO21');
INSERT INTO MASTER_PRODUCTOS (IDENTIFICADOR, NOMBRE, PROVEEDOR, INSTRUMENTO, TIPO_ACTIVO, SUBTIPO_ACTIVO, MONEDA, USO_INGRESOS, URL_SCRAPING) VALUES ('IE00B4WXT857','iShares Eur GovInfLkd BdIdx(IE) InstlAcc Eur','iShares','Fondo','Renta Fija','RF Europa BLI','EUR','Acumulacion','https://www.morningstar.es/es/funds/snapshot/p_snapshot.aspx?id=F00000PEDX');
INSERT INTO MASTER_PRODUCTOS (IDENTIFICADOR, NOMBRE, PROVEEDOR, INSTRUMENTO, TIPO_ACTIVO, SUBTIPO_ACTIVO, MONEDA, USO_INGRESOS, URL_SCRAPING) VALUES ('IE00BDRK7R97','iShares Pacific Index (IE) D Acc EUR','iShares','Fondo','Renta Variable','RV Pacifico','EUR','Acumulacion','https://www.morningstar.es/es/funds/snapshot/p_snapshot.aspx?id=F00000Z2S4');
INSERT INTO MASTER_PRODUCTOS (IDENTIFICADOR, NOMBRE, PROVEEDOR, INSTRUMENTO, TIPO_ACTIVO, SUBTIPO_ACTIVO, MONEDA, USO_INGRESOS, URL_SCRAPING) VALUES ('IE00B4XCK338','iShares UltraHQ EurGovtBdIdx(IE) InstAcc Eur','iShares','Fondo','Renta Fija','RF Europa MP','EUR','Acumulacion','https://www.morningstar.es/es/funds/snapshot/p_snapshot.aspx?id=F00000OEDJ');
INSERT INTO MASTER_PRODUCTOS (IDENTIFICADOR, NOMBRE, PROVEEDOR, INSTRUMENTO, TIPO_ACTIVO, SUBTIPO_ACTIVO, MONEDA, USO_INGRESOS, URL_SCRAPING) VALUES ('DE000A0D8Q31','iShares eb.rexx GovtGer 10.5+yr (DE)','iShares','ETF','Renta Fija','RF Alemania LP','EUR','Distribucion','https://www.morningstar.es/es/etf/snapshot/p_snapshot.aspx?id=0P00001NR4');
INSERT INTO MASTER_PRODUCTOS (IDENTIFICADOR, NOMBRE, PROVEEDOR, INSTRUMENTO, TIPO_ACTIVO, SUBTIPO_ACTIVO, MONEDA, USO_INGRESOS, URL_SCRAPING) VALUES ('IE00BSKRJX20','iShares Euro Govt Bond 20y TgtDur ETF Eur Dist EUR','iShares','ETF','Renta Fija','RF Europa LP','EUR','Distribucion','https://www.morningstar.es/es/etf/snapshot/p_snapshot.aspx?id=0P00015OCO');
--
--
--
CREATE TABLE SCRAP_PRECIOS
(
	IDENTIFICADOR VARCHAR(50) NOT NULL,
	VALOR_TITULO DOUBLE PRECISION,
	FECHA_VALOR DATE,
	ULTIMA_ACTUALIZACION TIMESTAMP
);
ALTER TABLE SCRAP_PRECIOS ADD CONSTRAINT SCRAP_PRECIOS_IDENTIFICADOR_PK Primary Key (IDENTIFICADOR);
ALTER TABLE SCRAP_PRECIOS ADD CONSTRAINT SCRAP_PRECIOS_IDENTIFICADOR_FK Foreign Key (IDENTIFICADOR) REFERENCES MASTER_PRODUCTOS (IDENTIFICADOR);
--
--
--
INSERT INTO SCRAP_PRECIOS (IDENTIFICADOR) VALUES ('LU0389812933');
INSERT INTO SCRAP_PRECIOS (IDENTIFICADOR) VALUES ('DE000ETFL219');
INSERT INTO SCRAP_PRECIOS (IDENTIFICADOR) VALUES ('IE00B579F325');
INSERT INTO SCRAP_PRECIOS (IDENTIFICADOR) VALUES ('LU0908500753');
INSERT INTO SCRAP_PRECIOS (IDENTIFICADOR) VALUES ('IE00B246KL88');
INSERT INTO SCRAP_PRECIOS (IDENTIFICADOR) VALUES ('IE0031786696');
INSERT INTO SCRAP_PRECIOS (IDENTIFICADOR) VALUES ('IE0031786142');
INSERT INTO SCRAP_PRECIOS (IDENTIFICADOR) VALUES ('IE0007987690');
INSERT INTO SCRAP_PRECIOS (IDENTIFICADOR) VALUES ('IE00BK5BQT80');
INSERT INTO SCRAP_PRECIOS (IDENTIFICADOR) VALUES ('IE00BK5BQZ41');
INSERT INTO SCRAP_PRECIOS (IDENTIFICADOR) VALUES ('IE00BK5BR733');
INSERT INTO SCRAP_PRECIOS (IDENTIFICADOR) VALUES ('IE0007281425');
INSERT INTO SCRAP_PRECIOS (IDENTIFICADOR) VALUES ('IE0007286036');
INSERT INTO SCRAP_PRECIOS (IDENTIFICADOR) VALUES ('IE0007201266');
INSERT INTO SCRAP_PRECIOS (IDENTIFICADOR) VALUES ('IE0032126645');
INSERT INTO SCRAP_PRECIOS (IDENTIFICADOR) VALUES ('IE0032620787');
INSERT INTO SCRAP_PRECIOS (IDENTIFICADOR) VALUES ('IE0007987708');
INSERT INTO SCRAP_PRECIOS (IDENTIFICADOR) VALUES ('IE00B04GQR24');
INSERT INTO SCRAP_PRECIOS (IDENTIFICADOR) VALUES ('DE000A1DCTL3');
INSERT INTO SCRAP_PRECIOS (IDENTIFICADOR) VALUES ('DE000A0S9GB0');
INSERT INTO SCRAP_PRECIOS (IDENTIFICADOR) VALUES ('IE00B4L5YX21');
INSERT INTO SCRAP_PRECIOS (IDENTIFICADOR) VALUES ('IE00B5BMR087');
INSERT INTO SCRAP_PRECIOS (IDENTIFICADOR) VALUES ('IE00B4WXT857');
INSERT INTO SCRAP_PRECIOS (IDENTIFICADOR) VALUES ('IE00BDRK7R97');
INSERT INTO SCRAP_PRECIOS (IDENTIFICADOR) VALUES ('IE00B4XCK338');
INSERT INTO SCRAP_PRECIOS (IDENTIFICADOR) VALUES ('DE000A0D8Q31');
INSERT INTO SCRAP_PRECIOS (IDENTIFICADOR) VALUES ('IE00BSKRJX20');
--
--
--
CREATE TABLE MASTER_MOVIMIENTOS
(
	MOVIMIENTO_ID INTEGER NOT NULL GENERATED ALWAYS AS IDENTITY (START WITH 1, INCREMENT BY 1),
	IDENTIFICADOR VARCHAR(50) NOT NULL,
	COMPRA_VENTA VARCHAR(25) NOT NULL,
	FECHA DATE NOT NULL,
	NUMERO_TITULOS DOUBLE PRECISION NOT NULL,
	PRECIO_TITULO DOUBLE PRECISION NOT NULL,	
	COMISION DOUBLE PRECISION NOT NULL,	
	TOTAL DOUBLE PRECISION NOT NULL,
	COMERCIALIZADOR VARCHAR(50) NOT NULL,
	MERCADO VARCHAR(50) NOT NULL
);
ALTER TABLE MASTER_MOVIMIENTOS ADD CONSTRAINT MASTER_MOVIMIENTOS_MOVIMIENTO_ID_PK Primary Key (MOVIMIENTO_ID);
ALTER TABLE MASTER_MOVIMIENTOS ADD CONSTRAINT MASTER_MOVIMIENTOS_IDENTIFICADOR_FK Foreign Key (IDENTIFICADOR) REFERENCES MASTER_PRODUCTOS (IDENTIFICADOR);
ALTER TABLE MASTER_MOVIMIENTOS ADD CONSTRAINT MASTER_MOVIMIENTOS_COMPRA_VENTA_FK Foreign Key (COMPRA_VENTA) REFERENCES MASTER_COMPRA_VENTA (VALOR);
ALTER TABLE MASTER_MOVIMIENTOS ADD CONSTRAINT MASTER_MOVIMIENTOS_COMERCIALIZADOR_FK Foreign Key (COMERCIALIZADOR) REFERENCES MASTER_COMERCIALIZADOR (VALOR);
ALTER TABLE MASTER_MOVIMIENTOS ADD CONSTRAINT MASTER_MOVIMIENTOS_MERCADO_FK Foreign Key (MERCADO) REFERENCES MASTER_MERCADO (VALOR);
--
--
--
INSERT INTO MASTER_MOVIMIENTOS (IDENTIFICADOR,COMPRA_VENTA,FECHA,NUMERO_TITULOS,PRECIO_TITULO,COMISION,TOTAL,COMERCIALIZADOR,MERCADO) VALUES ('IE00B4WXT857','Compra','2021-01-29',72.75,13.746,0,1000.02,'Openbank','N/A');
INSERT INTO MASTER_MOVIMIENTOS (IDENTIFICADOR,COMPRA_VENTA,FECHA,NUMERO_TITULOS,PRECIO_TITULO,COMISION,TOTAL,COMERCIALIZADOR,MERCADO) VALUES ('IE0007286036','Compra','2021-01-29',4.86,228.7108,0,1111.53,'MyInvestor','N/A');
INSERT INTO MASTER_MOVIMIENTOS (IDENTIFICADOR,COMPRA_VENTA,FECHA,NUMERO_TITULOS,PRECIO_TITULO,COMISION,TOTAL,COMERCIALIZADOR,MERCADO) VALUES ('IE0007281425','Venta','2021-01-29',4.89,227.781,0,1113.85,'MyInvestor','N/A');
INSERT INTO MASTER_MOVIMIENTOS (IDENTIFICADOR,COMPRA_VENTA,FECHA,NUMERO_TITULOS,PRECIO_TITULO,COMISION,TOTAL,COMERCIALIZADOR,MERCADO) VALUES ('IE0007987708','Compra','2021-01-28',109.81,22.3261,0,2451.63,'MyInvestor','N/A');
INSERT INTO MASTER_MOVIMIENTOS (IDENTIFICADOR,COMPRA_VENTA,FECHA,NUMERO_TITULOS,PRECIO_TITULO,COMISION,TOTAL,COMERCIALIZADOR,MERCADO) VALUES ('IE0032126645','Compra','2021-01-28',61.12,35.9603,0,2197.89,'MyInvestor','N/A');
INSERT INTO MASTER_MOVIMIENTOS (IDENTIFICADOR,COMPRA_VENTA,FECHA,NUMERO_TITULOS,PRECIO_TITULO,COMISION,TOTAL,COMERCIALIZADOR,MERCADO) VALUES ('IE0007987690','Venta','2021-01-28',111.95,21.8999,0,2451.69,'MyInvestor','N/A');
INSERT INTO MASTER_MOVIMIENTOS (IDENTIFICADOR,COMPRA_VENTA,FECHA,NUMERO_TITULOS,PRECIO_TITULO,COMISION,TOTAL,COMERCIALIZADOR,MERCADO) VALUES ('IE0032620787','Venta','2021-01-28',62.39,35.2342,0,2198.26,'MyInvestor','N/A');
INSERT INTO MASTER_MOVIMIENTOS (IDENTIFICADOR,COMPRA_VENTA,FECHA,NUMERO_TITULOS,PRECIO_TITULO,COMISION,TOTAL,COMERCIALIZADOR,MERCADO) VALUES ('IE00B4XCK338','Compra','2021-01-25',75.45,13.2528,0,999.92,'MyInvestor','N/A');
INSERT INTO MASTER_MOVIMIENTOS (IDENTIFICADOR,COMPRA_VENTA,FECHA,NUMERO_TITULOS,PRECIO_TITULO,COMISION,TOTAL,COMERCIALIZADOR,MERCADO) VALUES ('IE00B04GQR24','Compra','2021-01-21',7.8,134.2621,0,1047.24,'MyInvestor','N/A');
INSERT INTO MASTER_MOVIMIENTOS (IDENTIFICADOR,COMPRA_VENTA,FECHA,NUMERO_TITULOS,PRECIO_TITULO,COMISION,TOTAL,COMERCIALIZADOR,MERCADO) VALUES ('IE00B579F325','Compra','2021-01-20',10,148.2,2.44,1484.44,'Degiro','Xetra');
INSERT INTO MASTER_MOVIMIENTOS (IDENTIFICADOR,COMPRA_VENTA,FECHA,NUMERO_TITULOS,PRECIO_TITULO,COMISION,TOTAL,COMERCIALIZADOR,MERCADO) VALUES ('LU0389812933','Venta','2021-01-19',7.263,144.28,0,1047.91,'MyInvestor','N/A');
INSERT INTO MASTER_MOVIMIENTOS (IDENTIFICADOR,COMPRA_VENTA,FECHA,NUMERO_TITULOS,PRECIO_TITULO,COMISION,TOTAL,COMERCIALIZADOR,MERCADO) VALUES ('IE0007201266','Compra','2021-01-04',4.71,236.0143,0,1111.63,'MyInvestor','N/A');
INSERT INTO MASTER_MOVIMIENTOS (IDENTIFICADOR,COMPRA_VENTA,FECHA,NUMERO_TITULOS,PRECIO_TITULO,COMISION,TOTAL,COMERCIALIZADOR,MERCADO) VALUES ('IE00BDRK7R97','Venta','2021-01-01',97,11.46,0,1111.62,'MyInvestor','N/A');
INSERT INTO MASTER_MOVIMIENTOS (IDENTIFICADOR,COMPRA_VENTA,FECHA,NUMERO_TITULOS,PRECIO_TITULO,COMISION,TOTAL,COMERCIALIZADOR,MERCADO) VALUES ('IE0007281425','Compra','2020-12-09',4.89,217.4908,0,1063.53,'MyInvestor','N/A');
INSERT INTO MASTER_MOVIMIENTOS (IDENTIFICADOR,COMPRA_VENTA,FECHA,NUMERO_TITULOS,PRECIO_TITULO,COMISION,TOTAL,COMERCIALIZADOR,MERCADO) VALUES ('IE0007286036','Venta','2020-12-09',4.84,219.7383,0,1063.53,'SelfBank','N/A');
INSERT INTO MASTER_MOVIMIENTOS (IDENTIFICADOR,COMPRA_VENTA,FECHA,NUMERO_TITULOS,PRECIO_TITULO,COMISION,TOTAL,COMERCIALIZADOR,MERCADO) VALUES ('IE00BDRK7R97','Compra','2020-12-08',97,11.5141,0,1116.87,'MyInvestor','N/A');
INSERT INTO MASTER_MOVIMIENTOS (IDENTIFICADOR,COMPRA_VENTA,FECHA,NUMERO_TITULOS,PRECIO_TITULO,COMISION,TOTAL,COMERCIALIZADOR,MERCADO) VALUES ('IE0007201266','Venta','2020-12-08',4.85,230.2834,0,1116.87,'SelfBank','N/A');
INSERT INTO MASTER_MOVIMIENTOS (IDENTIFICADOR,COMPRA_VENTA,FECHA,NUMERO_TITULOS,PRECIO_TITULO,COMISION,TOTAL,COMERCIALIZADOR,MERCADO) VALUES ('IE0007987690','Compra','2020-12-02',111.95,21.3251,0,2387.34,'MyInvestor','N/A');
INSERT INTO MASTER_MOVIMIENTOS (IDENTIFICADOR,COMPRA_VENTA,FECHA,NUMERO_TITULOS,PRECIO_TITULO,COMISION,TOTAL,COMERCIALIZADOR,MERCADO) VALUES ('IE0007987708','Venta','2020-12-01',110.08,21.6874,0,2387.35,'SelfBank','N/A');
INSERT INTO MASTER_MOVIMIENTOS (IDENTIFICADOR,COMPRA_VENTA,FECHA,NUMERO_TITULOS,PRECIO_TITULO,COMISION,TOTAL,COMERCIALIZADOR,MERCADO) VALUES ('IE0032620787','Compra','2020-11-26',62.39,34.5389,0,2154.88,'MyInvestor','N/A');
INSERT INTO MASTER_MOVIMIENTOS (IDENTIFICADOR,COMPRA_VENTA,FECHA,NUMERO_TITULOS,PRECIO_TITULO,COMISION,TOTAL,COMERCIALIZADOR,MERCADO) VALUES ('IE0032126645','Venta','2020-11-25',61.04,35.3027,0,2154.88,'SelfBank','N/A');
INSERT INTO MASTER_MOVIMIENTOS (IDENTIFICADOR,COMPRA_VENTA,FECHA,NUMERO_TITULOS,PRECIO_TITULO,COMISION,TOTAL,COMERCIALIZADOR,MERCADO) VALUES ('IE0031786142','Compra','2020-11-24',11.64,189.0292,0,2200.3,'MyInvestor','N/A');
INSERT INTO MASTER_MOVIMIENTOS (IDENTIFICADOR,COMPRA_VENTA,FECHA,NUMERO_TITULOS,PRECIO_TITULO,COMISION,TOTAL,COMERCIALIZADOR,MERCADO) VALUES ('IE0031786696','Venta','2020-11-23',11.47,191.8312,0,2200.3,'SelfBank','N/A');
INSERT INTO MASTER_MOVIMIENTOS (IDENTIFICADOR,COMPRA_VENTA,FECHA,NUMERO_TITULOS,PRECIO_TITULO,COMISION,TOTAL,COMERCIALIZADOR,MERCADO) VALUES ('IE0031786696','Compra','2020-11-06',3.7,184.0939,0,681.15,'SelfBank','N/A');
INSERT INTO MASTER_MOVIMIENTOS (IDENTIFICADOR,COMPRA_VENTA,FECHA,NUMERO_TITULOS,PRECIO_TITULO,COMISION,TOTAL,COMERCIALIZADOR,MERCADO) VALUES ('IE0032126645','Compra','2020-11-05',19.86,34.328,0,681.75,'SelfBank','N/A');
INSERT INTO MASTER_MOVIMIENTOS (IDENTIFICADOR,COMPRA_VENTA,FECHA,NUMERO_TITULOS,PRECIO_TITULO,COMISION,TOTAL,COMERCIALIZADOR,MERCADO) VALUES ('IE00B246KL88','Compra','2020-11-03',3.56,274.0984,0,975.79,'MyInvestor','N/A');
INSERT INTO MASTER_MOVIMIENTOS (IDENTIFICADOR,COMPRA_VENTA,FECHA,NUMERO_TITULOS,PRECIO_TITULO,COMISION,TOTAL,COMERCIALIZADOR,MERCADO) VALUES ('IE00B246KL88','Compra','2020-11-03',3.44,274.0984,0,942.9,'MyInvestor','N/A');
INSERT INTO MASTER_MOVIMIENTOS (IDENTIFICADOR,COMPRA_VENTA,FECHA,NUMERO_TITULOS,PRECIO_TITULO,COMISION,TOTAL,COMERCIALIZADOR,MERCADO) VALUES ('IE0007987708','Compra','2020-11-03',42.28,18.9198,0,799.93,'SelfBank','N/A');
INSERT INTO MASTER_MOVIMIENTOS (IDENTIFICADOR,COMPRA_VENTA,FECHA,NUMERO_TITULOS,PRECIO_TITULO,COMISION,TOTAL,COMERCIALIZADOR,MERCADO) VALUES ('IE00B4XCK338','Venta','2020-11-02',73,13.381,0,976.81,'MyInvestor','N/A');
INSERT INTO MASTER_MOVIMIENTOS (IDENTIFICADOR,COMPRA_VENTA,FECHA,NUMERO_TITULOS,PRECIO_TITULO,COMISION,TOTAL,COMERCIALIZADOR,MERCADO) VALUES ('LU0389812933','Venta','2020-11-02',6.5,145.26,0,944.19,'MyInvestor','N/A');
INSERT INTO MASTER_MOVIMIENTOS (IDENTIFICADOR,COMPRA_VENTA,FECHA,NUMERO_TITULOS,PRECIO_TITULO,COMISION,TOTAL,COMERCIALIZADOR,MERCADO) VALUES ('IE00B4XCK338','Compra','2020-10-28',150,13.311,0,1996.65,'MyInvestor','N/A');
INSERT INTO MASTER_MOVIMIENTOS (IDENTIFICADOR,COMPRA_VENTA,FECHA,NUMERO_TITULOS,PRECIO_TITULO,COMISION,TOTAL,COMERCIALIZADOR,MERCADO) VALUES ('LU0389812933','Compra','2020-10-27',13.763,145.31,0,1999.9,'MyInvestor','N/A');
INSERT INTO MASTER_MOVIMIENTOS (IDENTIFICADOR,COMPRA_VENTA,FECHA,NUMERO_TITULOS,PRECIO_TITULO,COMISION,TOTAL,COMERCIALIZADOR,MERCADO) VALUES ('IE00B246KL88','Compra','2020-10-27',3.69,270.6908,0,998.85,'MyInvestor','N/A');
INSERT INTO MASTER_MOVIMIENTOS (IDENTIFICADOR,COMPRA_VENTA,FECHA,NUMERO_TITULOS,PRECIO_TITULO,COMISION,TOTAL,COMERCIALIZADOR,MERCADO) VALUES ('DE000A0D8Q31','Venta','2020-10-27',14,210.8,2.89,2954.09,'Degiro','Xetra');
INSERT INTO MASTER_MOVIMIENTOS (IDENTIFICADOR,COMPRA_VENTA,FECHA,NUMERO_TITULOS,PRECIO_TITULO,COMISION,TOTAL,COMERCIALIZADOR,MERCADO) VALUES ('DE000A1DCTL3','Compra','2020-10-23',31,155.5,15,4835.5,'Degiro','Xetra');
INSERT INTO MASTER_MOVIMIENTOS (IDENTIFICADOR,COMPRA_VENTA,FECHA,NUMERO_TITULOS,PRECIO_TITULO,COMISION,TOTAL,COMERCIALIZADOR,MERCADO) VALUES ('DE000A1DCTL3','Venta','2020-10-23',19,155.56,0,2955.64,'Degiro','Xetra');
INSERT INTO MASTER_MOVIMIENTOS (IDENTIFICADOR,COMPRA_VENTA,FECHA,NUMERO_TITULOS,PRECIO_TITULO,COMISION,TOTAL,COMERCIALIZADOR,MERCADO) VALUES ('DE000A0D8Q31','Compra','2020-10-14',4,209.24,2.25,839.21,'Degiro','Xetra');
INSERT INTO MASTER_MOVIMIENTOS (IDENTIFICADOR,COMPRA_VENTA,FECHA,NUMERO_TITULOS,PRECIO_TITULO,COMISION,TOTAL,COMERCIALIZADOR,MERCADO) VALUES ('IE00B246KL88','Venta','2020-10-14',3.37,270.599,2.47,914.39,'MyInvestor','N/A');
INSERT INTO MASTER_MOVIMIENTOS (IDENTIFICADOR,COMPRA_VENTA,FECHA,NUMERO_TITULOS,PRECIO_TITULO,COMISION,TOTAL,COMERCIALIZADOR,MERCADO) VALUES ('IE0031786696','Compra','2020-10-08',7.77,173.68,0,1349.49,'SelfBank','N/A');
INSERT INTO MASTER_MOVIMIENTOS (IDENTIFICADOR,COMPRA_VENTA,FECHA,NUMERO_TITULOS,PRECIO_TITULO,COMISION,TOTAL,COMERCIALIZADOR,MERCADO) VALUES ('IE00B246KL88','Compra','2020-10-08',3.77,266.4423,0,1004.49,'MyInvestor','N/A');
INSERT INTO MASTER_MOVIMIENTOS (IDENTIFICADOR,COMPRA_VENTA,FECHA,NUMERO_TITULOS,PRECIO_TITULO,COMISION,TOTAL,COMERCIALIZADOR,MERCADO) VALUES ('IE00B4XCK338','Venta','2020-10-08',76,13.251,0,1007.08,'MyInvestor','N/A');
INSERT INTO MASTER_MOVIMIENTOS (IDENTIFICADOR,COMPRA_VENTA,FECHA,NUMERO_TITULOS,PRECIO_TITULO,COMISION,TOTAL,COMERCIALIZADOR,MERCADO) VALUES ('IE0032126645','Compra','2020-10-06',8.93,33.03,0,294.96,'SelfBank','N/A');
INSERT INTO MASTER_MOVIMIENTOS (IDENTIFICADOR,COMPRA_VENTA,FECHA,NUMERO_TITULOS,PRECIO_TITULO,COMISION,TOTAL,COMERCIALIZADOR,MERCADO) VALUES ('IE0007987708','Compra','2020-10-06',17.5,20,0,350,'SelfBank','N/A');
INSERT INTO MASTER_MOVIMIENTOS (IDENTIFICADOR,COMPRA_VENTA,FECHA,NUMERO_TITULOS,PRECIO_TITULO,COMISION,TOTAL,COMERCIALIZADOR,MERCADO) VALUES ('IE00BK5BR733','Venta','2020-10-02',22,46.19,2.3,1018.48,'Degiro','Xetra');
INSERT INTO MASTER_MOVIMIENTOS (IDENTIFICADOR,COMPRA_VENTA,FECHA,NUMERO_TITULOS,PRECIO_TITULO,COMISION,TOTAL,COMERCIALIZADOR,MERCADO) VALUES ('IE00BK5BQZ41','Venta','2020-10-02',47,21.505,2.3,1013.04,'Degiro','Xetra');
INSERT INTO MASTER_MOVIMIENTOS (IDENTIFICADOR,COMPRA_VENTA,FECHA,NUMERO_TITULOS,PRECIO_TITULO,COMISION,TOTAL,COMERCIALIZADOR,MERCADO) VALUES ('IE00B4L5YX21','Venta','2020-10-02',27,37.72,2.31,1020.75,'Degiro','Xetra');
INSERT INTO MASTER_MOVIMIENTOS (IDENTIFICADOR,COMPRA_VENTA,FECHA,NUMERO_TITULOS,PRECIO_TITULO,COMISION,TOTAL,COMERCIALIZADOR,MERCADO) VALUES ('IE0007286036','Compra','2020-10-01',4.84,206.7335,0,1000.59,'SelfBank','N/A');
INSERT INTO MASTER_MOVIMIENTOS (IDENTIFICADOR,COMPRA_VENTA,FECHA,NUMERO_TITULOS,PRECIO_TITULO,COMISION,TOTAL,COMERCIALIZADOR,MERCADO) VALUES ('IE0007201266','Compra','2020-10-01',4.85,206.0639,0,999.41,'SelfBank','N/A');
INSERT INTO MASTER_MOVIMIENTOS (IDENTIFICADOR,COMPRA_VENTA,FECHA,NUMERO_TITULOS,PRECIO_TITULO,COMISION,TOTAL,COMERCIALIZADOR,MERCADO) VALUES ('IE0032126645','Compra','2020-09-30',32.25,33.0074,0,1064.49,'SelfBank','N/A');
INSERT INTO MASTER_MOVIMIENTOS (IDENTIFICADOR,COMPRA_VENTA,FECHA,NUMERO_TITULOS,PRECIO_TITULO,COMISION,TOTAL,COMERCIALIZADOR,MERCADO) VALUES ('IE00B5BMR087','Venta','2020-09-30',4,284.8,0,1139.2,'Degiro','Xetra');
INSERT INTO MASTER_MOVIMIENTOS (IDENTIFICADOR,COMPRA_VENTA,FECHA,NUMERO_TITULOS,PRECIO_TITULO,COMISION,TOTAL,COMERCIALIZADOR,MERCADO) VALUES ('IE0007987708','Compra','2020-09-25',50.3,19.8811,0,1000.02,'SelfBank','N/A');
INSERT INTO MASTER_MOVIMIENTOS (IDENTIFICADOR,COMPRA_VENTA,FECHA,NUMERO_TITULOS,PRECIO_TITULO,COMISION,TOTAL,COMERCIALIZADOR,MERCADO) VALUES ('LU0908500753','Venta','2020-09-25',7,147.4,2.31,1034.11,'Degiro','Xetra');
INSERT INTO MASTER_MOVIMIENTOS (IDENTIFICADOR,COMPRA_VENTA,FECHA,NUMERO_TITULOS,PRECIO_TITULO,COMISION,TOTAL,COMERCIALIZADOR,MERCADO) VALUES ('IE00B246KL88','Compra','2020-09-24',15,266.1226,0,3991.84,'MyInvestor','N/A');
INSERT INTO MASTER_MOVIMIENTOS (IDENTIFICADOR,COMPRA_VENTA,FECHA,NUMERO_TITULOS,PRECIO_TITULO,COMISION,TOTAL,COMERCIALIZADOR,MERCADO) VALUES ('DE000A1DCTL3','Compra','2020-09-24',19,154.05,0,2926.95,'Degiro','Xetra');
INSERT INTO MASTER_MOVIMIENTOS (IDENTIFICADOR,COMPRA_VENTA,FECHA,NUMERO_TITULOS,PRECIO_TITULO,COMISION,TOTAL,COMERCIALIZADOR,MERCADO) VALUES ('IE00BSKRJX20','Venta','2020-09-24',160,6.4566,2.31,1035.37,'Degiro','Xetra');
INSERT INTO MASTER_MOVIMIENTOS (IDENTIFICADOR,COMPRA_VENTA,FECHA,NUMERO_TITULOS,PRECIO_TITULO,COMISION,TOTAL,COMERCIALIZADOR,MERCADO) VALUES ('DE000ETFL219','Venta','2020-09-24',11,177.77,2.59,1958.06,'Degiro','Xetra');
INSERT INTO MASTER_MOVIMIENTOS (IDENTIFICADOR,COMPRA_VENTA,FECHA,NUMERO_TITULOS,PRECIO_TITULO,COMISION,TOTAL,COMERCIALIZADOR,MERCADO) VALUES ('IE00B246KL88','Venta','2020-09-24',4,266.1225,0,1064.49,'MyInvestor','N/A');
INSERT INTO MASTER_MOVIMIENTOS (IDENTIFICADOR,COMPRA_VENTA,FECHA,NUMERO_TITULOS,PRECIO_TITULO,COMISION,TOTAL,COMERCIALIZADOR,MERCADO) VALUES ('IE00B4XCK338','Compra','2020-09-18',76,13.232,0,1005.63,'MyInvestor','N/A');
INSERT INTO MASTER_MOVIMIENTOS (IDENTIFICADOR,COMPRA_VENTA,FECHA,NUMERO_TITULOS,PRECIO_TITULO,COMISION,TOTAL,COMERCIALIZADOR,MERCADO) VALUES ('IE00BSKRJX20','Compra','2020-07-08',160,6.3238,2.3,1014.11,'Degiro','Xetra');
INSERT INTO MASTER_MOVIMIENTOS (IDENTIFICADOR,COMPRA_VENTA,FECHA,NUMERO_TITULOS,PRECIO_TITULO,COMISION,TOTAL,COMERCIALIZADOR,MERCADO) VALUES ('IE00BK5BR733','Compra','2020-07-08',22,47.51,2.31,1047.53,'Degiro','Xetra');
INSERT INTO MASTER_MOVIMIENTOS (IDENTIFICADOR,COMPRA_VENTA,FECHA,NUMERO_TITULOS,PRECIO_TITULO,COMISION,TOTAL,COMERCIALIZADOR,MERCADO) VALUES ('IE00BK5BQZ41','Compra','2020-07-08',47,21.68,2.31,1021.27,'Degiro','Xetra');
INSERT INTO MASTER_MOVIMIENTOS (IDENTIFICADOR,COMPRA_VENTA,FECHA,NUMERO_TITULOS,PRECIO_TITULO,COMISION,TOTAL,COMERCIALIZADOR,MERCADO) VALUES ('LU0908500753','Compra','2020-06-16',7,151.5,2.32,1062.82,'Degiro','Xetra');
INSERT INTO MASTER_MOVIMIENTOS (IDENTIFICADOR,COMPRA_VENTA,FECHA,NUMERO_TITULOS,PRECIO_TITULO,COMISION,TOTAL,COMERCIALIZADOR,MERCADO) VALUES ('DE000ETFL219','Compra','2020-06-16',6,173.99,2.31,1046.25,'Degiro','Xetra');
INSERT INTO MASTER_MOVIMIENTOS (IDENTIFICADOR,COMPRA_VENTA,FECHA,NUMERO_TITULOS,PRECIO_TITULO,COMISION,TOTAL,COMERCIALIZADOR,MERCADO) VALUES ('DE000A0D8Q31','Compra','2020-06-16',5,202.95,2.3,1017.05,'Degiro','Xetra');
INSERT INTO MASTER_MOVIMIENTOS (IDENTIFICADOR,COMPRA_VENTA,FECHA,NUMERO_TITULOS,PRECIO_TITULO,COMISION,TOTAL,COMERCIALIZADOR,MERCADO) VALUES ('IE00B4L5YX21','Compra','2020-06-16',27,37.585,2.3,1017.1,'Degiro','Xetra');
INSERT INTO MASTER_MOVIMIENTOS (IDENTIFICADOR,COMPRA_VENTA,FECHA,NUMERO_TITULOS,PRECIO_TITULO,COMISION,TOTAL,COMERCIALIZADOR,MERCADO) VALUES ('IE00B5BMR087','Compra','2020-06-16',4,279.01,2.33,1118.37,'Degiro','Xetra');
INSERT INTO MASTER_MOVIMIENTOS (IDENTIFICADOR,COMPRA_VENTA,FECHA,NUMERO_TITULOS,PRECIO_TITULO,COMISION,TOTAL,COMERCIALIZADOR,MERCADO) VALUES ('IE00BK5BQT80','Venta','2020-06-16',13,72.65,2.28,946.73,'Degiro','Xetra');
INSERT INTO MASTER_MOVIMIENTOS (IDENTIFICADOR,COMPRA_VENTA,FECHA,NUMERO_TITULOS,PRECIO_TITULO,COMISION,TOTAL,COMERCIALIZADOR,MERCADO) VALUES ('IE00BK5BQT80','Compra','2020-06-10',13,73.67,2.29,960,'Degiro','Xetra');
INSERT INTO MASTER_MOVIMIENTOS (IDENTIFICADOR,COMPRA_VENTA,FECHA,NUMERO_TITULOS,PRECIO_TITULO,COMISION,TOTAL,COMERCIALIZADOR,MERCADO) VALUES ('DE000A0D8Q31','Compra','2020-06-09',5,199.636,2.3,1000.48,'Degiro','Xetra');
INSERT INTO MASTER_MOVIMIENTOS (IDENTIFICADOR,COMPRA_VENTA,FECHA,NUMERO_TITULOS,PRECIO_TITULO,COMISION,TOTAL,COMERCIALIZADOR,MERCADO) VALUES ('DE000ETFL219','Compra','2020-06-09',5,171.02,2.26,857.36,'Degiro','Xetra');
INSERT INTO MASTER_MOVIMIENTOS (IDENTIFICADOR,COMPRA_VENTA,FECHA,NUMERO_TITULOS,PRECIO_TITULO,COMISION,TOTAL,COMERCIALIZADOR,MERCADO) VALUES ('DE000A0S9GB0','Compra','2020-06-09',61,48.7,15,2985.7,'Degiro','Xetra');
--
--
--
COMMIT;
